Month,_TYPE_,_FREQ_,MeanMaxTemp,MeanMinTemp,MeanMaxHumid,MeanMinHumid,MeanSpeedAvg,MeanRain_In,MeanStnPressur,MeanSolar_Mj_M2,MeanSodSoil,MeanBareSoil
,0,120,57.186440678,33.652542373,89.541666667,43.916666667,7.8692307692,0.0734166667,29.102966102,13.712,48.181666667,48.0875
Apr,1,30,70.533333333,46.033333333,88.733333333,38.7,8.35,0.1146666667,29.026,19.338275862,57.613333333,59.926666667
Feb,1,28,41.285714286,18.678571429,89.607142857,50.964285714,8.056,0.0132142857,29.179642857,11.421785714,40.303571429,37.710714286
Jan,1,31,48.870967742,28.225806452,92.64516129,48.096774194,6.3451612903,0.0780645161,29.141724138,8.1937931034,42.34516129,40.393548387
Mar,1,31,67.620689655,41.103448276,87.161290323,38.419354839,8.7774193548,0.0832258065,29.071935484,15.815172414,52.006451613,53.696774194
